{"cameraMode":{"drawMode":0,"name":"Shaded","section":"Shading Mode"},"sceneLighting":false,"audioPlay":false,"sceneViewState":{"m_AlwaysRefresh":false,"showFog":true,"showSkybox":false,"showFlares":true,"showImageEffects":true,"showParticleSystems":true,"showVisualEffectGraphs":true,"m_FxEnabled":true},"in2DMode":false,"pivot":{"x":0.09250671416521073,"y":0.2242594212293625,"z":0.031773678958415988},"rotation":{"x":-0.38468027114868166,"y":0.6031036376953125,"z":-0.40997257828712466,"w":-0.565923273563385},"size":0.032114073634147647,"orthographic":true}